[{"model": "admin.logentry", "pk": 1, "fields": {"action_time": "2023-07-20T14:52:14.063Z", "user": 1, "content_type": 8, "object_id": "2", "object_repr": "atitkunwar2015@gmail.com", "action_flag": 1, "change_message": "[{\"added\": {}}]"}}, {"model": "admin.logentry", "pk": 2, "fields": {"action_time": "2023-07-20T14:52:27.989Z", "user": 1, "content_type": 8, "object_id": "2", "object_repr": "atitkunwar2015@gmail.com", "action_flag": 2, "change_message": "[{\"changed\": {\"fields\": [\"Username\", \"Is staff\"]}}]"}}, {"model": "admin.logentry", "pk": 3, "fields": {"action_time": "2023-07-21T01:13:13.311Z", "user": 1, "content_type": 8, "object_id": "3", "object_repr": "example@example.com", "action_flag": 2, "change_message": "[{\"changed\": {\"fields\": [\"Is staff\"]}}]"}}, {"model": "auth.permission", "pk": 1, "fields": {"name": "Can add log entry", "content_type": 1, "codename": "add_logentry"}}, {"model": "auth.permission", "pk": 2, "fields": {"name": "Can change log entry", "content_type": 1, "codename": "change_logentry"}}, {"model": "auth.permission", "pk": 3, "fields": {"name": "Can delete log entry", "content_type": 1, "codename": "delete_logentry"}}, {"model": "auth.permission", "pk": 4, "fields": {"name": "Can view log entry", "content_type": 1, "codename": "view_logentry"}}, {"model": "auth.permission", "pk": 5, "fields": {"name": "Can add permission", "content_type": 2, "codename": "add_permission"}}, {"model": "auth.permission", "pk": 6, "fields": {"name": "Can change permission", "content_type": 2, "codename": "change_permission"}}, {"model": "auth.permission", "pk": 7, "fields": {"name": "Can delete permission", "content_type": 2, "codename": "delete_permission"}}, {"model": "auth.permission", "pk": 8, "fields": {"name": "Can view permission", "content_type": 2, "codename": "view_permission"}}, {"model": "auth.permission", "pk": 9, "fields": {"name": "Can add group", "content_type": 3, "codename": "add_group"}}, {"model": "auth.permission", "pk": 10, "fields": {"name": "Can change group", "content_type": 3, "codename": "change_group"}}, {"model": "auth.permission", "pk": 11, "fields": {"name": "Can delete group", "content_type": 3, "codename": "delete_group"}}, {"model": "auth.permission", "pk": 12, "fields": {"name": "Can view group", "content_type": 3, "codename": "view_group"}}, {"model": "auth.permission", "pk": 13, "fields": {"name": "Can add content type", "content_type": 4, "codename": "add_contenttype"}}, {"model": "auth.permission", "pk": 14, "fields": {"name": "Can change content type", "content_type": 4, "codename": "change_contenttype"}}, {"model": "auth.permission", "pk": 15, "fields": {"name": "Can delete content type", "content_type": 4, "codename": "delete_contenttype"}}, {"model": "auth.permission", "pk": 16, "fields": {"name": "Can view content type", "content_type": 4, "codename": "view_contenttype"}}, {"model": "auth.permission", "pk": 17, "fields": {"name": "Can add session", "content_type": 5, "codename": "add_session"}}, {"model": "auth.permission", "pk": 18, "fields": {"name": "Can change session", "content_type": 5, "codename": "change_session"}}, {"model": "auth.permission", "pk": 19, "fields": {"name": "Can delete session", "content_type": 5, "codename": "delete_session"}}, {"model": "auth.permission", "pk": 20, "fields": {"name": "Can view session", "content_type": 5, "codename": "view_session"}}, {"model": "auth.permission", "pk": 21, "fields": {"name": "Can add react", "content_type": 6, "codename": "add_react"}}, {"model": "auth.permission", "pk": 22, "fields": {"name": "Can change react", "content_type": 6, "codename": "change_react"}}, {"model": "auth.permission", "pk": 23, "fields": {"name": "Can delete react", "content_type": 6, "codename": "delete_react"}}, {"model": "auth.permission", "pk": 24, "fields": {"name": "Can view react", "content_type": 6, "codename": "view_react"}}, {"model": "auth.permission", "pk": 25, "fields": {"name": "Can add react2", "content_type": 7, "codename": "add_react2"}}, {"model": "auth.permission", "pk": 26, "fields": {"name": "Can change react2", "content_type": 7, "codename": "change_react2"}}, {"model": "auth.permission", "pk": 27, "fields": {"name": "Can delete react2", "content_type": 7, "codename": "delete_react2"}}, {"model": "auth.permission", "pk": 28, "fields": {"name": "Can view react2", "content_type": 7, "codename": "view_react2"}}, {"model": "auth.permission", "pk": 29, "fields": {"name": "Can add user", "content_type": 8, "codename": "add_user"}}, {"model": "auth.permission", "pk": 30, "fields": {"name": "Can change user", "content_type": 8, "codename": "change_user"}}, {"model": "auth.permission", "pk": 31, "fields": {"name": "Can delete user", "content_type": 8, "codename": "delete_user"}}, {"model": "auth.permission", "pk": 32, "fields": {"name": "Can view user", "content_type": 8, "codename": "view_user"}}, {"model": "auth.permission", "pk": 33, "fields": {"name": "Can add Token", "content_type": 9, "codename": "add_token"}}, {"model": "auth.permission", "pk": 34, "fields": {"name": "Can change Token", "content_type": 9, "codename": "change_token"}}, {"model": "auth.permission", "pk": 35, "fields": {"name": "Can delete Token", "content_type": 9, "codename": "delete_token"}}, {"model": "auth.permission", "pk": 36, "fields": {"name": "Can view Token", "content_type": 9, "codename": "view_token"}}, {"model": "auth.permission", "pk": 37, "fields": {"name": "Can add token", "content_type": 10, "codename": "add_tokenproxy"}}, {"model": "auth.permission", "pk": 38, "fields": {"name": "Can change token", "content_type": 10, "codename": "change_tokenproxy"}}, {"model": "auth.permission", "pk": 39, "fields": {"name": "Can delete token", "content_type": 10, "codename": "delete_tokenproxy"}}, {"model": "auth.permission", "pk": 40, "fields": {"name": "Can view token", "content_type": 10, "codename": "view_tokenproxy"}}, {"model": "auth.permission", "pk": 41, "fields": {"name": "Can add auth token", "content_type": 11, "codename": "add_authtoken"}}, {"model": "auth.permission", "pk": 42, "fields": {"name": "Can change auth token", "content_type": 11, "codename": "change_authtoken"}}, {"model": "auth.permission", "pk": 43, "fields": {"name": "Can delete auth token", "content_type": 11, "codename": "delete_authtoken"}}, {"model": "auth.permission", "pk": 44, "fields": {"name": "Can view auth token", "content_type": 11, "codename": "view_authtoken"}}, {"model": "auth.permission", "pk": 45, "fields": {"name": "Can add user session", "content_type": 12, "codename": "add_usersession"}}, {"model": "auth.permission", "pk": 46, "fields": {"name": "Can change user session", "content_type": 12, "codename": "change_usersession"}}, {"model": "auth.permission", "pk": 47, "fields": {"name": "Can delete user session", "content_type": 12, "codename": "delete_usersession"}}, {"model": "auth.permission", "pk": 48, "fields": {"name": "Can view user session", "content_type": 12, "codename": "view_usersession"}}, {"model": "auth.permission", "pk": 49, "fields": {"name": "Can add encrypted file", "content_type": 13, "codename": "add_encryptedfile"}}, {"model": "auth.permission", "pk": 50, "fields": {"name": "Can change encrypted file", "content_type": 13, "codename": "change_encryptedfile"}}, {"model": "auth.permission", "pk": 51, "fields": {"name": "Can delete encrypted file", "content_type": 13, "codename": "delete_encryptedfile"}}, {"model": "auth.permission", "pk": 52, "fields": {"name": "Can view encrypted file", "content_type": 13, "codename": "view_encryptedfile"}}, {"model": "auth.permission", "pk": 53, "fields": {"name": "Can add decrypted file", "content_type": 14, "codename": "add_decryptedfile"}}, {"model": "auth.permission", "pk": 54, "fields": {"name": "Can change decrypted file", "content_type": 14, "codename": "change_decryptedfile"}}, {"model": "auth.permission", "pk": 55, "fields": {"name": "Can delete decrypted file", "content_type": 14, "codename": "delete_decryptedfile"}}, {"model": "auth.permission", "pk": 56, "fields": {"name": "Can view decrypted file", "content_type": 14, "codename": "view_decryptedfile"}}, {"model": "auth.permission", "pk": 57, "fields": {"name": "Can add encrypted file", "content_type": 15, "codename": "add_encryptedfile"}}, {"model": "auth.permission", "pk": 58, "fields": {"name": "Can change encrypted file", "content_type": 15, "codename": "change_encryptedfile"}}, {"model": "auth.permission", "pk": 59, "fields": {"name": "Can delete encrypted file", "content_type": 15, "codename": "delete_encryptedfile"}}, {"model": "auth.permission", "pk": 60, "fields": {"name": "Can view encrypted file", "content_type": 15, "codename": "view_encryptedfile"}}, {"model": "auth.permission", "pk": 61, "fields": {"name": "Can add encoded image", "content_type": 16, "codename": "add_encodedimage"}}, {"model": "auth.permission", "pk": 62, "fields": {"name": "Can change encoded image", "content_type": 16, "codename": "change_encodedimage"}}, {"model": "auth.permission", "pk": 63, "fields": {"name": "Can delete encoded image", "content_type": 16, "codename": "delete_encodedimage"}}, {"model": "auth.permission", "pk": 64, "fields": {"name": "Can view encoded image", "content_type": 16, "codename": "view_encodedimage"}}, {"model": "auth.permission", "pk": 65, "fields": {"name": "Can add user profile", "content_type": 17, "codename": "add_userprofile"}}, {"model": "auth.permission", "pk": 66, "fields": {"name": "Can change user profile", "content_type": 17, "codename": "change_userprofile"}}, {"model": "auth.permission", "pk": 67, "fields": {"name": "Can delete user profile", "content_type": 17, "codename": "delete_userprofile"}}, {"model": "auth.permission", "pk": 68, "fields": {"name": "Can view user profile", "content_type": 17, "codename": "view_userprofile"}}, {"model": "auth.permission", "pk": 69, "fields": {"name": "Can add password reset code", "content_type": 18, "codename": "add_passwordresetcode"}}, {"model": "auth.permission", "pk": 70, "fields": {"name": "Can change password reset code", "content_type": 18, "codename": "change_passwordresetcode"}}, {"model": "auth.permission", "pk": 71, "fields": {"name": "Can delete password reset code", "content_type": 18, "codename": "delete_passwordresetcode"}}, {"model": "auth.permission", "pk": 72, "fields": {"name": "Can view password reset code", "content_type": 18, "codename": "view_passwordresetcode"}}, {"model": "contenttypes.contenttype", "pk": 1, "fields": {"app_label": "admin", "model": "logentry"}}, {"model": "contenttypes.contenttype", "pk": 2, "fields": {"app_label": "auth", "model": "permission"}}, {"model": "contenttypes.contenttype", "pk": 3, "fields": {"app_label": "auth", "model": "group"}}, {"model": "contenttypes.contenttype", "pk": 4, "fields": {"app_label": "contenttypes", "model": "contenttype"}}, {"model": "contenttypes.contenttype", "pk": 5, "fields": {"app_label": "sessions", "model": "session"}}, {"model": "contenttypes.contenttype", "pk": 6, "fields": {"app_label": "app", "model": "react"}}, {"model": "contenttypes.contenttype", "pk": 7, "fields": {"app_label": "app", "model": "react2"}}, {"model": "contenttypes.contenttype", "pk": 8, "fields": {"app_label": "registration", "model": "user"}}, {"model": "contenttypes.contenttype", "pk": 9, "fields": {"app_label": "authtoken", "model": "token"}}, {"model": "contenttypes.contenttype", "pk": 10, "fields": {"app_label": "authtoken", "model": "tokenproxy"}}, {"model": "contenttypes.contenttype", "pk": 11, "fields": {"app_label": "knox", "model": "authtoken"}}, {"model": "contenttypes.contenttype", "pk": 12, "fields": {"app_label": "registration", "model": "usersession"}}, {"model": "contenttypes.contenttype", "pk": 13, "fields": {"app_label": "enDecrypt", "model": "encryptedfile"}}, {"model": "contenttypes.contenttype", "pk": 14, "fields": {"app_label": "EnDecrypt", "model": "decryptedfile"}}, {"model": "contenttypes.contenttype", "pk": 15, "fields": {"app_label": "integration", "model": "encryptedfile"}}, {"model": "contenttypes.contenttype", "pk": 16, "fields": {"app_label": "stego_api", "model": "encodedimage"}}, {"model": "contenttypes.contenttype", "pk": 17, "fields": {"app_label": "UserProfile", "model": "userprofile"}}, {"model": "contenttypes.contenttype", "pk": 18, "fields": {"app_label": "password_reset", "model": "passwordresetcode"}}, {"model": "sessions.session", "pk": "9q33nb7c66j9pke94ba0h34okv8x2tor", "fields": {"session_data": ".eJxVjDsOwyAQRO9CHSEwP5Myvc-All2InUQgGbuKcvcYyUXSTDHvzbxZgH2bw97SGhZiVybZ5beLgM9UOqAHlHvlWMu2LpF3hZ-08alSet1O9-9ghjYfa2dyVEhJ-DyMgycYVaboEWzWPQ7gKEqlByB0Rgo0lnTWwkclAS37fAEOjzjA:1qMV0I:iErFLDEqbZOKLbsd9wUfcQvfnEbDDFR-dmOenE1Yj2U", "expire_date": "2023-08-03T14:51:42.630Z"}}, {"model": "registration.user", "pk": 1, "fields": {"password": "pbkdf2_sha256$600000$DpBGBvjg4t3P5936pxCuv2$MOfdOeh+/QMSXoHGUEOJITBCfHR4b1HdUqcD8ck5NrE=", "last_login": "2023-07-20T14:51:42.626Z", "is_superuser": true, "email": "atit@gmail.com", "username": "atit kunwar", "first_name": "atit", "last_name": "kunwar", "phone_number": "9842803777", "is_active": true, "is_staff": true, "user_id": null, "groups": [], "user_permissions": []}}, {"model": "registration.user", "pk": 2, "fields": {"password": "pbkdf2_sha256$600000$IxkSR4YrjvtwXPuEPzfpWW$CiXkqMmmB0qn9fJnrv3n/7xnpnEJeIo/GM/wfsRPaeY=", "last_login": null, "is_superuser": false, "email": "atitkunwar2015@gmail.com", "username": " ", "first_name": "", "last_name": "", "phone_number": "", "is_active": true, "is_staff": true, "user_id": null, "groups": [], "user_permissions": []}}, {"model": "registration.user", "pk": 3, "fields": {"password": "pbkdf2_sha256$600000$lx2DAlFqvLVTw5QitI2eAK$1q8Ho2A6PM98zT8N5SPSyD6zcZ+0fTp1nbY+6GFL7cg=", "last_login": null, "is_superuser": false, "email": "example@example.com", "username": "John Doe", "first_name": "John", "last_name": "Doe", "phone_number": "1234567890", "is_active": true, "is_staff": true, "user_id": null, "groups": [], "user_permissions": []}}, {"model": "registration.user", "pk": 4, "fields": {"password": "pbkdf2_sha256$260000$c4NNp9rh0AVfmY1KAnTgPE$zphODoaBcpWel+Ed599qMFihwHVWrA88PW1TMkmmI4s=", "last_login": null, "is_superuser": false, "email": "example1@example.com", "username": "John1 Doe", "first_name": "John1", "last_name": "Doe", "phone_number": "12345678920", "is_active": true, "is_staff": false, "user_id": null, "groups": [], "user_permissions": []}}, {"model": "registration.user", "pk": 5, "fields": {"password": "pbkdf2_sha256$260000$pDVe5x93f270beVkT7nGXC$XgdtDmnL+TzDhPjqya+1TrbofbF9TObtWaoyhW9Bo3M=", "last_login": null, "is_superuser": false, "email": "example2@example.com", "username": "John4 Doe", "first_name": "John4", "last_name": "Doe", "phone_number": "12345678904", "is_active": true, "is_staff": false, "user_id": null, "groups": [], "user_permissions": []}}, {"model": "registration.user", "pk": 6, "fields": {"password": "pbkdf2_sha256$260000$6XNmj6SclAeAszEpPyYmMN$EeYUV2uNIbkDvFLzVi9ap89yyQ/lfVMHUOqbVLYjqfk=", "last_login": null, "is_superuser": false, "email": "atit1@gmail.com", "username": "Zeon asdsa", "first_name": "Zeon", "last_name": "asdsa", "phone_number": "12313531234", "is_active": true, "is_staff": false, "user_id": null, "groups": [], "user_permissions": []}}, {"model": "registration.user", "pk": 7, "fields": {"password": "pbkdf2_sha256$260000$p0hhdvltqZ9tK9OWRxio65$DhR45ufjhNnYH+gyll8kbc1EP7V9CZPWQMfRevufDo0=", "last_login": null, "is_superuser": false, "email": "zeon@gmail.com", "username": "zeon nepali", "first_name": "zeon", "last_name": "nepali", "phone_number": "1354368790", "is_active": true, "is_staff": false, "user_id": "zeon5723", "groups": [], "user_permissions": []}}, {"model": "registration.user", "pk": 12, "fields": {"password": "pbkdf2_sha256$260000$E48O9x4NmrKPMq1AwCHt5s$8AnfcErwaWX3DFtsYGsA30i7TY9oQJ3wLsy9qV4jyhM=", "last_login": null, "is_superuser": false, "email": "rijalm872@gmail.com", "username": "gae asdf", "first_name": "gae", "last_name": "asdf", "phone_number": "12312", "is_active": true, "is_staff": false, "user_id": "gae2312", "groups": [], "user_permissions": []}}, {"model": "registration.user", "pk": 20, "fields": {"password": "pbkdf2_sha256$260000$rpG9x7jfBiyQPYZFFvmh85$yg2bPcDD6XH3RJ2xZ0nkJHDM3aUlg0RIMJTQFHKHpj8=", "last_login": null, "is_superuser": false, "email": "atitkunwar20115@gmail.com", "username": "atitas22 kunwaras", "first_name": "atitas22", "last_name": "kunwaras", "phone_number": "9842803777", "is_active": true, "is_staff": false, "user_id": "atitas223777", "groups": [], "user_permissions": []}}, {"model": "registration.user", "pk": 21, "fields": {"password": "pbkdf2_sha256$260000$nreZVphNgDC3MOkRF5cgCD$2B90vYLktvrIpKlp+fbasnhZD7wKNw7QabttLsDuc7c=", "last_login": null, "is_superuser": false, "email": "zeon33@gmail.com", "username": "sdfe sdf", "first_name": "sdfe", "last_name": "sdf", "phone_number": "1243124234", "is_active": true, "is_staff": false, "user_id": "sdfe4234", "groups": [], "user_permissions": []}}, {"model": "registration.user", "pk": 29, "fields": {"password": "pbkdf2_sha256$260000$YuQQn9qVFag2JhwuK1Hsag$A68bV6TCNU57N4RtIz9HU7RMjM906KwsxoAFagZp7nY=", "last_login": null, "is_superuser": false, "email": "zeon3329@gmail.com", "username": "sdfes sdf", "first_name": "sdfes", "last_name": "sdf", "phone_number": "1243124209", "is_active": true, "is_staff": false, "user_id": "sdfes4209", "groups": [], "user_permissions": []}}, {"model": "registration.user", "pk": 31, "fields": {"password": "pbkdf2_sha256$260000$ITSkNarwI7D75DmBUZULcf$B1YH72BL5tiR3BPoJgiR9bi2p8dn2LnyckNshjgrK5s=", "last_login": null, "is_superuser": false, "email": "atit121@gmail.com", "username": "asas2 sadas", "first_name": "asas2", "last_name": "sadas", "phone_number": "1243124222", "is_active": true, "is_staff": false, "user_id": "asas24222", "groups": [], "user_permissions": []}}, {"model": "registration.user", "pk": 32, "fields": {"password": "pbkdf2_sha256$260000$2ta91nwDHoV9CmaZ6lKFeI$MltIN+SoHxYUqZyCKg8z8r72JJiOCJum6JT78s2bgjA=", "last_login": null, "is_superuser": false, "email": "kunwarsirjana84@gmail.com", "username": "aaads asa", "first_name": "aaads", "last_name": "asa", "phone_number": "1236547890", "is_active": true, "is_staff": false, "user_id": "aaads7890", "groups": [], "user_permissions": []}}, {"model": "registration.user", "pk": 33, "fields": {"password": "pbkdf2_sha256$260000$zBbBTaieE0woEAvUDueogT$dPQfSIO8yxPFl7BvHrBBobWxoZ6sQit3C17tCjxuTWk=", "last_login": null, "is_superuser": false, "email": "kunwar77babita@gmail.com", "username": "sdfs asd", "first_name": "sdfs", "last_name": "asd", "phone_number": "9874563210", "is_active": true, "is_staff": false, "user_id": "sdfs3210", "groups": [], "user_permissions": []}}, {"model": "registration.user", "pk": 34, "fields": {"password": "pbkdf2_sha256$260000$I69hkS1bLcUuFwRphWGT6Y$dTkKMsTg65BuNNOXZX5dY7aRasEO/3qd33ccFr6m+Gk=", "last_login": null, "is_superuser": false, "email": "sagarnemkul7@gmail.com", "username": "sagar nemkul", "first_name": "sagar", "last_name": "nemkul", "phone_number": "9840254203", "is_active": true, "is_staff": false, "user_id": "sagar4203", "groups": [], "user_permissions": []}}, {"model": "registration.user", "pk": 35, "fields": {"password": "pbkdf2_sha256$260000$EG2EU8I8thTV3KBSCS6pVH$u4dDe218pliAjzEX4b1Je13VpB0YTQ17Cz1OJKFbj8s=", "last_login": null, "is_superuser": false, "email": "maharjanutsab12@gmail.com", "username": "utsab maharjan", "first_name": "utsab", "last_name": "maharjan", "phone_number": "9803051102", "is_active": true, "is_staff": false, "user_id": "utsab1102", "groups": [], "user_permissions": []}}, {"model": "registration.user", "pk": 37, "fields": {"password": "pbkdf2_sha256$260000$W4zomrxaG4zabUrU22EvDy$H7FgbRuz38Z/tcvEj+AUBHoKnzFlmCnFmNYqhoQ0Hq0=", "last_login": null, "is_superuser": false, "email": "kunwar55sirjana84@gmail.com", "username": "aahads asall", "first_name": "aahads", "last_name": "asall", "phone_number": "1236547890", "is_active": true, "is_staff": false, "user_id": "aahads7890", "groups": [], "user_permissions": []}}, {"model": "registration.user", "pk": 46, "fields": {"password": "pbkdf2_sha256$260000$qv91FVph3xTbJZ4bdgbjew$B2VZf+3aLrI7YNQ7xeoOLUdVasb6WLcqEcLkxgwEdJM=", "last_login": null, "is_superuser": false, "email": "rijalm8729@gmail.com", "username": "sdfe sadas", "first_name": "sdfe", "last_name": "sadas", "phone_number": "1231231212", "is_active": true, "is_staff": false, "user_id": "sdfe1212", "groups": [], "user_permissions": []}}, {"model": "registration.user", "pk": 49, "fields": {"password": "pbkdf2_sha256$260000$yXnNUTWOwQdOmQVMxw1ENk$4mKOrZkzci4LWUMW76+9nd2KcufqXOVEwmBR97aLnFM=", "last_login": null, "is_superuser": false, "email": "rijalm87221@gmail.com", "username": "sdasdas asda", "first_name": "sdasdas", "last_name": "asda", "phone_number": "1231237891", "is_active": true, "is_staff": false, "user_id": "sdasdas7891", "groups": [], "user_permissions": []}}, {"model": "registration.user", "pk": 50, "fields": {"password": "pbkdf2_sha256$260000$EEOiGjOqLQP9DJFoqjcJOi$4RikMHvTZy/g5NiI5RWOuoS2HxJ/HFwpEenQH9+cKsc=", "last_login": null, "is_superuser": false, "email": "rijalm8721@gmail.com", "username": "rdfgh af", "first_name": "rdfgh", "last_name": "af", "phone_number": "9842803777", "is_active": true, "is_staff": false, "user_id": "rdfgh3777", "groups": [], "user_permissions": []}}, {"model": "registration.user", "pk": 52, "fields": {"password": "pbkdf2_sha256$260000$0eg9fLNZFM6kk96oSY4Sfz$Va/M/NF1O5V6xRCgzFqltECc/O51q7yVbCpiRv1lMOA=", "last_login": null, "is_superuser": false, "email": "rijalm8724@gmail.com", "username": "rdfghaf afas", "first_name": "rdfghaf", "last_name": "afas", "phone_number": "9842803777", "is_active": true, "is_staff": false, "user_id": "rdfghaf3777", "groups": [], "user_permissions": []}}, {"model": "registration.user", "pk": 54, "fields": {"password": "pbkdf2_sha256$260000$FS9Yf8SsvPUMdKdC6B8r49$6QNWtNlJS9JzEjQTUc9DRKYpqwGCUfGZ7Sc3+PUUuzU=", "last_login": null, "is_superuser": false, "email": "maharjanutsab11@gmail.com", "username": "utsav maharjan", "first_name": "utsav", "last_name": "maharjan", "phone_number": "9803051102", "is_active": true, "is_staff": false, "user_id": "utsav1102", "groups": [], "user_permissions": []}}, {"model": "registration.user", "pk": 55, "fields": {"password": "pbkdf2_sha256$260000$sO7xhVCUs6HyoBhE02xvXX$J55VsZF1MbRnHvkHHblXFUcUbQyllXcrSnnIUqMAXOg=", "last_login": null, "is_superuser": false, "email": "rijalm87211111@gmail.com", "username": "asas wer", "first_name": "asas", "last_name": "wer", "phone_number": "4525275272", "is_active": true, "is_staff": false, "user_id": "asas5272", "groups": [], "user_permissions": []}}, {"model": "registration.user", "pk": 56, "fields": {"password": "pbkdf2_sha256$260000$15fDKDnSLOJC6HrBfz6LK7$sz2OCKWExznriwnI46INccH9kPXUduIAqxdkTeCvy4w=", "last_login": null, "is_superuser": false, "email": "rijalm872222222@gmail.com", "username": "asasas asdas", "first_name": "asasas", "last_name": "asdas", "phone_number": "9821443045", "is_active": true, "is_staff": false, "user_id": "asasas3045", "groups": [], "user_permissions": []}}, {"model": "EnDecrypt.encryptedfile", "pk": 4, "fields": {"encrypted_file": "media/encrypted_files/atit.txt.enc", "original_file_name": "atit.txt", "encryption_key": "b'Q\\x94\\x8c\\xebf\\x13\\x14P\\xcd\\xdb\\xe2\\xfe$ez\\xa1'", "encrypted_file_id": "3e869236-bbbc-4268-b3f8-48c0febbef4c", "user": 2}}, {"model": "EnDecrypt.encryptedfile", "pk": 5, "fields": {"encrypted_file": "media/encrypted_files/atit.txt.enc", "original_file_name": "atit.txt", "encryption_key": "b'\\xaa\\xa7!J1\\x05\\x18\\x94\\xc2e\\xd5\\xab\\xf9N\\x16\\xad'", "encrypted_file_id": "99adaa6f-c218-4f8d-8fe8-fec158eaabc8", "user": 2}}, {"model": "EnDecrypt.encryptedfile", "pk": 6, "fields": {"encrypted_file": "media/encrypted_files/atit.txt.enc", "original_file_name": "atit.txt", "encryption_key": "b'\\x85\\xd0\\x83\\xb5\\x03\\x1f\\xc4\\x17\\xad\\x85\\x85o\\xe5OF\\xc3'", "encrypted_file_id": "5f9c0116-b200-42ec-a52d-d2bed7d4ef7d", "user": 2}}, {"model": "EnDecrypt.encryptedfile", "pk": 7, "fields": {"encrypted_file": "media/encrypted_files/atit.txt.enc", "original_file_name": "atit.txt", "encryption_key": "b'\\xa9\\x9fp6\\xaf\\xdda\\xbe}\\xbf\\xb4a\\xd4\\x13w5'", "encrypted_file_id": "a24717f0-8f65-44e1-b96f-01e129c17430", "user": 2}}, {"model": "EnDecrypt.encryptedfile", "pk": 96, "fields": {"encrypted_file": "media/encrypted_files/da3a26431b2141fd8af8c48824000af4.enc", "original_file_name": "atits.txt", "encryption_key": "sC+YqIB2ktZ9sll//kE+yQ==", "encrypted_file_id": "da3a2643-1b21-41fd-8af8-c48824000af4", "user": 2}}, {"model": "EnDecrypt.encryptedfile", "pk": 150, "fields": {"encrypted_file": "media/encrypted_files/edd84c9e879a4018bb0a1d3a18dd3100.enc", "original_file_name": "atit.txt", "encryption_key": "hepgy350EUcJnaZLL5BJ8g==", "encrypted_file_id": "edd84c9e-879a-4018-bb0a-1d3a18dd3100", "user": 2}}, {"model": "EnDecrypt.encryptedfile", "pk": 151, "fields": {"encrypted_file": "media/encrypted_files/7b7212826f4f4214a6412cf365358e76.enc", "original_file_name": "atit.txt", "encryption_key": "65vdX7OFxYuKmPNtjqty7g==", "encrypted_file_id": "7b721282-6f4f-4214-a641-2cf365358e76", "user": 2}}, {"model": "EnDecrypt.encryptedfile", "pk": 152, "fields": {"encrypted_file": "media/encrypted_files/2cd26e0bcf6c4affb9d94f4519a21483.enc", "original_file_name": "atit.txt", "encryption_key": "9H8J1vUK7tRUmmus43OfUQ==", "encrypted_file_id": "2cd26e0b-cf6c-4aff-b9d9-4f4519a21483", "user": 1}}, {"model": "EnDecrypt.encryptedfile", "pk": 153, "fields": {"encrypted_file": "media/encrypted_files/0f1459421ead43c89c6108fc679ae70a.enc", "original_file_name": "atit.txt", "encryption_key": "Dax/uf3Yk0uWKphjUvdJ5w==", "encrypted_file_id": "0f145942-1ead-43c8-9c61-08fc679ae70a", "user": 7}}, {"model": "EnDecrypt.encryptedfile", "pk": 154, "fields": {"encrypted_file": "media/encrypted_files/1f3bd811b5014a4fbc8f4b49d13f3119.enc", "original_file_name": "atits.txt", "encryption_key": "t0AuvXgT4KHMqSXH81lxqQ==", "encrypted_file_id": "1f3bd811-b501-4a4f-bc8f-4b49d13f3119", "user": 7}}, {"model": "EnDecrypt.encryptedfile", "pk": 155, "fields": {"encrypted_file": "media/encrypted_files/2f8498731872439f8b6123358dc80a55.enc", "original_file_name": "atits.txt", "encryption_key": "MC8gbBOyiEKDXhka/PxvEg==", "encrypted_file_id": "2f849873-1872-439f-8b61-23358dc80a55", "user": 7}}, {"model": "EnDecrypt.encryptedfile", "pk": 156, "fields": {"encrypted_file": "media/encrypted_files/a9916ce2844b4202a80a5a87a9e88ebd.enc", "original_file_name": "atits.txt", "encryption_key": "FY8tGtSpJX0VQVbJJJF4+w==", "encrypted_file_id": "a9916ce2-844b-4202-a80a-5a87a9e88ebd", "user": 7}}, {"model": "EnDecrypt.encryptedfile", "pk": 157, "fields": {"encrypted_file": "media/encrypted_files/678b7ba871104e06ac90b9b3c61d9ed9.enc", "original_file_name": "atits.txt", "encryption_key": "06sU0WJD1IZ8xQ2MBM6gHA==", "encrypted_file_id": "678b7ba8-7110-4e06-ac90-b9b3c61d9ed9", "user": 7}}, {"model": "EnDecrypt.encryptedfile", "pk": 158, "fields": {"encrypted_file": "media/encrypted_files/f4eff433911f430588f468d488954c32.enc", "original_file_name": "atits.txt", "encryption_key": "8ZvGu5b9Vj56/a5Pua1fcA==", "encrypted_file_id": "f4eff433-911f-4305-88f4-68d488954c32", "user": 7}}, {"model": "EnDecrypt.encryptedfile", "pk": 159, "fields": {"encrypted_file": "media/encrypted_files/51c1853654c7472cb7949638e3ac65fb.enc", "original_file_name": "atits.txt", "encryption_key": "rvgEDXsLG41XiFejbRBgkQ==", "encrypted_file_id": "51c18536-54c7-472c-b794-9638e3ac65fb", "user": 7}}, {"model": "EnDecrypt.encryptedfile", "pk": 160, "fields": {"encrypted_file": "media/encrypted_files/f894ad125a5241bc8d66e97e10292ab0.enc", "original_file_name": "urls.py", "encryption_key": "AZwGLXk+FBTYuRIJYc9f5Q==", "encrypted_file_id": "f894ad12-5a52-41bc-8d66-e97e10292ab0", "user": 7}}, {"model": "EnDecrypt.encryptedfile", "pk": 161, "fields": {"encrypted_file": "media/encrypted_files/3a2a38a857634a6d809efb2a66bcca6f.enc", "original_file_name": "ages.png", "encryption_key": "UWIx9+Sqjoff/zCthJPzrw==", "encrypted_file_id": "3a2a38a8-5763-4a6d-809e-fb2a66bcca6f", "user": 7}}, {"model": "EnDecrypt.encryptedfile", "pk": 162, "fields": {"encrypted_file": "media/encrypted_files/0a3d8eabfce3453491fb5a7dd8542775.enc", "original_file_name": "enc.txt", "encryption_key": "RVceez5UqCaDm/DihQum0Q==", "encrypted_file_id": "0a3d8eab-fce3-4534-91fb-5a7dd8542775", "user": 34}}, {"model": "EnDecrypt.encryptedfile", "pk": 163, "fields": {"encrypted_file": "media/encrypted_files/f320daaf39d34183b04c49a82bdf4d55.enc", "original_file_name": "atits.txt", "encryption_key": "ZdaRranzMPnDe8BPkCGP/g==", "encrypted_file_id": "f320daaf-39d3-4183-b04c-49a82bdf4d55", "user": 34}}, {"model": "EnDecrypt.encryptedfile", "pk": 164, "fields": {"encrypted_file": "media/encrypted_files/9ae35cb29fdc4e3a856f7abc2885870f.enc", "original_file_name": "atits.txt", "encryption_key": "dTtbKG5Jb35qIsKVCfLYhg==", "encrypted_file_id": "9ae35cb2-9fdc-4e3a-856f-7abc2885870f", "user": 54}}, {"model": "EnDecrypt.decryptedfile", "pk": 1, "fields": {"decrypted_file": "", "original_encrypted_file": 96, "decryption_key": "sC+YqIB2ktZ9sll//kE+yQ==", "decrypted_file_id": "88bb41b3-05fd-48f1-bed3-2bca32e57c44"}}, {"model": "EnDecrypt.decryptedfile", "pk": 2, "fields": {"decrypted_file": "", "original_encrypted_file": 96, "decryption_key": "sC+YqIB2ktZ9sll//kE+yQ==", "decrypted_file_id": "8d2d2c9b-5ca9-4024-af33-d3be2138feb3"}}, {"model": "EnDecrypt.decryptedfile", "pk": 3, "fields": {"decrypted_file": "", "original_encrypted_file": 96, "decryption_key": "sC+YqIB2ktZ9sll//kE+yQ==", "decrypted_file_id": "f6c1edd6-26c6-4cc7-8f54-7adabc973edb"}}, {"model": "EnDecrypt.decryptedfile", "pk": 4, "fields": {"decrypted_file": "", "original_encrypted_file": 96, "decryption_key": "sC+YqIB2ktZ9sll//kE+yQ==", "decrypted_file_id": "a36e7d55-5c7f-4aef-b981-7084f2c1c59e"}}, {"model": "EnDecrypt.decryptedfile", "pk": 5, "fields": {"decrypted_file": "", "original_encrypted_file": 96, "decryption_key": "sC+YqIB2ktZ9sll//kE+yQ==", "decrypted_file_id": "26e6e312-df28-498d-8bbb-436d9f496975"}}, {"model": "EnDecrypt.decryptedfile", "pk": 6, "fields": {"decrypted_file": "", "original_encrypted_file": 96, "decryption_key": "sC+YqIB2ktZ9sll//kE+yQ==", "decrypted_file_id": "b009de6a-0168-4ea8-ad90-efccbc36fc9b"}}, {"model": "EnDecrypt.decryptedfile", "pk": 7, "fields": {"decrypted_file": "", "original_encrypted_file": 96, "decryption_key": "sC+YqIB2ktZ9sll//kE+yQ==", "decrypted_file_id": "0f219d7f-1305-4702-9969-9320a1745dae"}}, {"model": "EnDecrypt.decryptedfile", "pk": 8, "fields": {"decrypted_file": "", "original_encrypted_file": 96, "decryption_key": "sC+YqIB2ktZ9sll//kE+yQ==", "decrypted_file_id": "eacd95b0-1728-4673-aea2-13934a666fbc"}}, {"model": "stego_api.encodedimage", "pk": 1, "fields": {"image": "stego_UCD.png", "hidden_data": "Your Hidden Data Here", "date_created": "2023-10-07T20:03:21.367Z"}}, {"model": "password_reset.passwordresetcode", "pk": 1, "fields": {"user": 2, "code": "4525", "created_at": "2023-10-08T12:42:51.089Z"}}, {"model": "password_reset.passwordresetcode", "pk": 2, "fields": {"user": 2, "code": "5579", "created_at": "2023-10-08T12:43:32.464Z"}}, {"model": "password_reset.passwordresetcode", "pk": 3, "fields": {"user": 2, "code": "8793", "created_at": "2023-10-08T13:19:13.811Z"}}]